[
    {
        "School_Code": "10505",
        "School_Name": "Abington High",
        "School_Type": "Public School",
        "Function": "Principal",
        "Contact_Name": "Teresa Sullivan-Cruz",
        "Address": "201 Gliniewicz Way",
        "Town": "Abington",
        "State": "MA",
        "Zip": "2351",
        "Phone": "781-982-2160",
        "Fax": "781-982-0061",
        "Grade": "09,10,11,12",
        "District": "Abington",
        "District_Code": "10000",
        "Total_Enrollment": "452",
        "Percent_Students_Disabilities": "9.7",
        "Percent_Males": "45.6",
        "Percent_Females": "54.4",
        "Number_Classes": "204",
        "Average_Class_Size": "15.8",
        "Number_Students": "451",
        "Average_Salary": "74662",
        "Total_Expenditures": "27229100.8",
        "Expenditures_per_Pupil": "13270.84",
        "PPI": "63"
    },
    {
        "School_Code": "10003",
        "School_Name": "Beaver Brook Elementary School",
        "School_Type": "Public School",
        "Function": "Principal",
        "Contact_Name": "Catherine Zinni",
        "Address": "1 Ralph Hamlin Lane",
        "Town": "Abington",
        "State": "MA",
        "Zip": "2351",
        "Phone": "781-982-2185",
        "Fax": "781-982-2187",
        "Grade": "01,02,03,04",
        "District": "Abington",
        "District_Code": "10000",
        "Total_Enrollment": "580",
        "Percent_Students_Disabilities": "13.3",
        "Percent_Males": "50.2",
        "Percent_Females": "49.8",
        "Number_Classes": "325",
        "Average_Class_Size": "24.6",
        "Number_Students": "643",
        "Average_Salary": "74662",
        "Total_Expenditures": "27229100.8",
        "Expenditures_per_Pupil": "13270.84",
        "PPI": "63"
    },
    {
        "School_Code": "10002",
        "School_Name": "Center Elementary School",
        "School_Type": "Public School",
        "Function": "Principal",
        "Contact_Name": "Lora Monachino",
        "Address": "201 Gliniewicz Way",
        "Town": "Abington",
        "State": "MA",
        "Zip": "2351",
        "Phone": "781-982-2195",
        "Fax": "781-982-0053",
        "Grade": "PK,K",
        "District": "Abington",
        "District_Code": "10000",
        "Total_Enrollment": "203",
        "Percent_Students_Disabilities": "21.2",
        "Percent_Males": "54.2",
        "Percent_Females": "45.8",
        "Number_Classes": "112",
        "Average_Class_Size": "14.6",
        "Number_Students": "208",
        "Average_Salary": "74662",
        "Total_Expenditures": "27229100.8",
        "Expenditures_per_Pupil": "13270.84",
        "PPI": "63"
    },
    {
        "School_Code": "10405",
        "School_Name": "Frolio Middle School",
        "School_Type": "Public School",
        "Function": "Principal",
        "Contact_Name": "Matthew MacCurtain",
        "Address": "201 Gliniewicz Way",
        "Town": "Abington",
        "State": "MA",
        "Zip": "2351",
        "Phone": "781-982-2170",
        "Fax": "781-982-2173",
        "Grade": "07,08",
        "District": "Abington",
        "District_Code": "10000",
        "Total_Enrollment": "328",
        "Percent_Students_Disabilities": "13.1",
        "Percent_Males": "53.4",
        "Percent_Females": "46.6",
        "Number_Classes": "218",
        "Average_Class_Size": "21.1",
        "Number_Students": "342",
        "Average_Salary": "74662",
        "Total_Expenditures": "27229100.8",
        "Expenditures_per_Pupil": "13270.84",
        "PPI": "63"
    },
    {
        "School_Code": "10015",
        "School_Name": "Woodsdale Elementary School",
        "School_Type": "Public School",
        "Function": "Principal",
        "Contact_Name": "Jonathan Hawes",
        "Address": "128 Chestnut Street",
        "Town": "Abington",
        "State": "MA",
        "Zip": "2351",
        "Phone": "781-982-2180",
        "Fax": "781-982-2184",
        "Grade": "05,06",
        "District": "Abington",
        "District_Code": "10000",
        "Total_Enrollment": "353",
        "Percent_Students_Disabilities": "10.8",
        "Percent_Males": "50.7",
        "Percent_Females": "49.3",
        "Number_Classes": "121",
        "Average_Class_Size": "30.4",
        "Number_Students": "334",
        "Average_Salary": "74662",
        "Total_Expenditures": "27229100.8",
        "Expenditures_per_Pupil": "13270.84",
        "PPI": "63"
    },
    {
        "School_Code": "30025",
        "School_Name": "Acushnet Elementary School",
        "School_Type": "Public School",
        "Function": "Principal",
        "Contact_Name": "Susan Beck",
        "Address": "800 Middle Road",
        "Town": "Acushnet",
        "State": "MA",
        "Zip": "2743",
        "Phone": "508-998-0255",
        "Fax": "508-998-0259",
        "Grade": "PK,K,01,02,03,04",
        "District": "Acushnet",
        "District_Code": "30000",
        "Total_Enrollment": "538",
        "Percent_Students_Disabilities": "14.3",
        "Percent_Males": "53.2",
        "Percent_Females": "46.8",
        "Number_Classes": "237",
        "Average_Class_Size": "20.1",
        "Number_Students": "558",
        "Average_Salary": "64906",
        "Total_Expenditures": "15201154.44",
        "Expenditures_per_Pupil": "11860.15",
        "PPI": "50"
    },
    {
        "School_Code": "30305",
        "School_Name": "Albert F Ford Middle School",
        "School_Type": "Public School",
        "Function": "Principal",
        "Contact_Name": "Michelle Silvia",
        "Address": "708 Middle Road",
        "Town": "Acushnet",
        "State": "MA",
        "Zip": "2743",
        "Phone": "508-998-0265",
        "Fax": "508-998-7316",
        "Grade": "05,06,07,08",
        "District": "Acushnet",
        "District_Code": "30000",
        "Total_Enrollment": "417",
        "Percent_Students_Disabilities": "13.7",
        "Percent_Males": "50.8",
        "Percent_Females": "49.2",
        "Number_Classes": "309",
        "Average_Class_Size": "16.9",
        "Number_Students": "426",
        "Average_Salary": "64906",
        "Total_Expenditures": "15201154.44",
        "Expenditures_per_Pupil": "11860.15",
        "PPI": "50"
    },
    {
        "School_Code": "50003",
        "School_Name": "Agawam Early Childhood Center",
        "School_Type": "Public School",
        "Function": "Principal",
        "Contact_Name": "Robin Fernandes",
        "Address": "108 Perry Lane",
        "Town": "Agawam",
        "State": "MA",
        "Zip": "1001",
        "Phone": "413-821-0598",
        "Fax": "413-821-0596",
        "Grade": "PK",
        "District": "Agawam",
        "District_Code": "50000",
        "Total_Enrollment": "151",
        "Percent_Students_Disabilities": "41.1",
        "Percent_Males": "57.6",
        "Percent_Females": "42.4",
        "Number_Classes": "16",
        "Average_Class_Size": "11.9",
        "Number_Students": "191",
        "Average_Salary": "64769",
        "Total_Expenditures": "59044278.63",
        "Expenditures_per_Pupil": "14363.21",
        "PPI": "54"
    },
    {
        "School_Code": "50505",
        "School_Name": "Agawam High",
        "School_Type": "Public School",
        "Function": "Principal",
        "Contact_Name": "Thomas Schnepp",
        "Address": "760 Cooper Street",
        "Town": "Agawam",
        "State": "MA",
        "Zip": "1001",
        "Phone": "413-821-0521",
        "Fax": "413-821-0536",
        "Grade": "09,10,11,12",
        "District": "Agawam",
        "District_Code": "50000",
        "Total_Enrollment": "1222",
        "Percent_Students_Disabilities": "14.1",
        "Percent_Males": "52",
        "Percent_Females": "48",
        "Number_Classes": "590",
        "Average_Class_Size": "16.8",
        "Number_Students": "1242",
        "Average_Salary": "64769",
        "Total_Expenditures": "59044278.63",
        "Expenditures_per_Pupil": "14363.21",
        "PPI": "54"
    },
    {
        "School_Code": "50405",
        "School_Name": "Agawam Junior High",
        "School_Type": "Public School",
        "Function": "Principal",
        "Contact_Name": "Norman Robbins",
        "Address": "1305 Springfield St",
        "Town": "Feeding Hills",
        "State": "MA",
        "Zip": "1030",
        "Phone": "413-821-0561",
        "Fax": "413-786-4240",
        "Grade": "07,08",
        "District": "Agawam",
        "District_Code": "50000",
        "Total_Enrollment": "562",
        "Percent_Students_Disabilities": "14.9",
        "Percent_Males": "47.9",
        "Percent_Females": "52.1",
        "Number_Classes": "847",
        "Average_Class_Size": "11.8",
        "Number_Students": "607",
        "Average_Salary": "64769",
        "Total_Expenditures": "59044278.63",
        "Expenditures_per_Pupil": "14363.21",
        "PPI": "54"
    },
    {
        "School_Code": "50020",
        "School_Name": "Benjamin J Phelps",
        "School_Type": "Public School",
        "Function": "Principal",
        "Contact_Name": "Noelle Colbert",
        "Address": "689 Main Street",
        "Town": "Agawam",
        "State": "MA",
        "Zip": "1001",
        "Phone": "413-821-0587",
        "Fax": "413-786-0497",
        "Grade": "K,01,02,03,04",
        "District": "Agawam",
        "District_Code": "50000",
        "Total_Enrollment": "385",
        "Percent_Students_Disabilities": "13",
        "Percent_Males": "52.7",
        "Percent_Females": "47.3",
        "Number_Classes": "229",
        "Average_Class_Size": "16.8",
        "Number_Students": "361",
        "Average_Salary": "64769",
        "Total_Expenditures": "59044278.63",
        "Expenditures_per_Pupil": "14363.21",
        "PPI": "54"
    },
    {
        "School_Code": "50010",
        "School_Name": "Clifford M Granger",
        "School_Type": "Public School",
        "Function": "Principal",
        "Contact_Name": "Cheryl Salomao",
        "Address": "31 So. Westfield Street",
        "Town": "Feeding Hills",
        "State": "MA",
        "Zip": "1030",
        "Phone": "413-821-0581",
        "Fax": "413-821-0595",
        "Grade": "K,01,02,03,04",
        "District": "Agawam",
        "District_Code": "50000",
        "Total_Enrollment": "293",
        "Percent_Students_Disabilities": "19.1",
        "Percent_Males": "50.2",
        "Percent_Females": "49.8",
        "Number_Classes": "159",
        "Average_Class_Size": "19.8",
        "Number_Students": "296",
        "Average_Salary": "64769",
        "Total_Expenditures": "59044278.63",
        "Expenditures_per_Pupil": "14363.21",
        "PPI": "54"
    },
    {
        "School_Code": "50030",
        "School_Name": "James Clark School",
        "School_Type": "Public School",
        "Function": "Principal",
        "Contact_Name": "Shelley Russell",
        "Address": "65 Oxford Street",
        "Town": "Agawam",
        "State": "MA",
        "Zip": "1001",
        "Phone": "413-821-0576",
        "Fax": "413-821-0594",
        "Grade": "K,01,02,03,04",
        "District": "Agawam",
        "District_Code": "50000",
        "Total_Enrollment": "329",
        "Percent_Students_Disabilities": "17.6",
        "Percent_Males": "53.2",
        "Percent_Females": "46.8",
        "Number_Classes": "182",
        "Average_Class_Size": "18.2",
        "Number_Students": "315",
        "Average_Salary": "64769",
        "Total_Expenditures": "59044278.63",
        "Expenditures_per_Pupil": "14363.21",
        "PPI": "54"
    },
    {
        "School_Code": "50303",
        "School_Name": "Roberta G. Doering School",
        "School_Type": "Public School",
        "Function": "Principal",
        "Contact_Name": "Susan Federico",
        "Address": "68 Main Street",
        "Town": "Agawam",
        "State": "MA",
        "Zip": "1001",
        "Phone": "413-789-1400",
        "Fax": "413-789-7337",
        "Grade": "05,06,07,08",
        "District": "Agawam",
        "District_Code": "50000",
        "Total_Enrollment": "599",
        "Percent_Students_Disabilities": "15.2",
        "Percent_Males": "53.4",
        "Percent_Females": "46.6",
        "Number_Classes": "348",
        "Average_Class_Size": "16.8",
        "Number_Students": "598",
        "Average_Salary": "64769",
        "Total_Expenditures": "59044278.63",
        "Expenditures_per_Pupil": "14363.21",
        "PPI": "54"
    },
    {
        "School_Code": "50025",
        "School_Name": "Robinson Park",
        "School_Type": "Public School",
        "Function": "Principal",
        "Contact_Name": "Nicholas Bernier",
        "Address": "65 Begley Street",
        "Town": "Agawam",
        "State": "MA",
        "Zip": "1001",
        "Phone": "413-821-0584",
        "Fax": "413-786-9793",
        "Grade": "K,01,02,03,04",
        "District": "Agawam",
        "District_Code": "50000",
        "Total_Enrollment": "377",
        "Percent_Students_Disabilities": "13",
        "Percent_Males": "51.7",
        "Percent_Females": "48.3",
        "Number_Classes": "229",
        "Average_Class_Size": "17.7",
        "Number_Students": "385",
        "Average_Salary": "64769",
        "Total_Expenditures": "59044278.63",
        "Expenditures_per_Pupil": "14363.21",
        "PPI": "54"
    },
    {
        "School_Code": "70005",
        "School_Name": "Amesbury Elementary",
        "School_Type": "Public School",
        "Function": "Principal",
        "Contact_Name": "Walter Helliesen",
        "Address": "20 South Hampton Road",
        "Town": "Amesbury",
        "State": "MA",
        "Zip": "1913",
        "Phone": "978-388-3659",
        "Fax": "978-388-4961",
        "Grade": "PK,K,01,02,03,04",
        "District": "Amesbury",
        "District_Code": "70000",
        "Total_Enrollment": "388",
        "Percent_Students_Disabilities": "20.4",
        "Percent_Males": "52.3",
        "Percent_Females": "47.7",
        "Number_Classes": "171",
        "Average_Class_Size": "20.4",
        "Number_Students": "423",
        "Average_Salary": "77147",
        "Total_Expenditures": "33668081.3",
        "Expenditures_per_Pupil": "13771.87",
        "PPI": "50"
    },
    {
        "School_Code": "70505",
        "School_Name": "Amesbury High",
        "School_Type": "Public School",
        "Function": "Principal",
        "Contact_Name": "Elizabeth McAndrews",
        "Address": "5 Highland Street",
        "Town": "Amesbury",
        "State": "MA",
        "Zip": "1913",
        "Phone": "978-388-4800",
        "Fax": "978-388-3393",
        "Grade": "09,10,11,12",
        "District": "Amesbury",
        "District_Code": "70000",
        "Total_Enrollment": "594",
        "Percent_Students_Disabilities": "17",
        "Percent_Males": "53.5",
        "Percent_Females": "46.5",
        "Number_Classes": "380",
        "Average_Class_Size": "16.7",
        "Number_Students": "621",
        "Average_Salary": "77147",
        "Total_Expenditures": "33668081.3",
        "Expenditures_per_Pupil": "13771.87",
        "PPI": "50"
    },
    {
        "School_Code": "70515",
        "School_Name": "Amesbury Innovation High School",
        "School_Type": "Public School",
        "Function": "Principal",
        "Contact_Name": "Eryn Maguire",
        "Address": "71 Friend Street",
        "Town": "Amesbury",
        "State": "MA",
        "Zip": "1913",
        "Phone": "978-388-8037",
        "Fax": "978-388-8073",
        "Grade": "09,10,11,12",
        "District": "Amesbury",
        "District_Code": "70000",
        "Total_Enrollment": "31",
        "Percent_Students_Disabilities": "51.6",
        "Percent_Males": "64.5",
        "Percent_Females": "35.5",
        "Number_Classes": "42",
        "Average_Class_Size": "7.6",
        "Number_Students": "33",
        "Average_Salary": "77147",
        "Total_Expenditures": "33668081.3",
        "Expenditures_per_Pupil": "13771.87",
        "PPI": "50"
    },
    {
        "School_Code": "70013",
        "School_Name": "Amesbury Middle",
        "School_Type": "Public School",
        "Function": "Principal",
        "Contact_Name": "Michael Curry",
        "Address": "220 Main Street",
        "Town": "Amesbury",
        "State": "MA",
        "Zip": "1913",
        "Phone": "978-388-0515",
        "Fax": "978-388-1626",
        "Grade": "05,06,07,08",
        "District": "Amesbury",
        "District_Code": "70000",
        "Total_Enrollment": "679",
        "Percent_Students_Disabilities": "17.7",
        "Percent_Males": "51.1",
        "Percent_Females": "48.9",
        "Number_Classes": "410",
        "Average_Class_Size": "18.4",
        "Number_Students": "696",
        "Average_Salary": "77147",
        "Total_Expenditures": "33668081.3",
        "Expenditures_per_Pupil": "13771.87",
        "PPI": "50"
    },
    {
        "School_Code": "70010",
        "School_Name": "Charles C Cashman Elementary",
        "School_Type": "Public School",
        "Function": "Principal",
        "Contact_Name": "Mary Charette",
        "Address": "193 Lions Mouth Road",
        "Town": "Amesbury",
        "State": "MA",
        "Zip": "1913",
        "Phone": "978-388-4407",
        "Fax": "978-388-4479",
        "Grade": "PK,K,01,02,03,04",
        "District": "Amesbury",
        "District_Code": "70000",
        "Total_Enrollment": "458",
        "Percent_Students_Disabilities": "24",
        "Percent_Males": "53.5",
        "Percent_Females": "46.5",
        "Number_Classes": "188",
        "Average_Class_Size": "22.1",
        "Number_Students": "509",
        "Average_Salary": "77147",
        "Total_Expenditures": "33668081.3",
        "Expenditures_per_Pupil": "13771.87",
        "PPI": "50"
    },
    {
        "School_Code": "80009",
        "School_Name": "Crocker Farm Elementary",
        "School_Type": "Public School",
        "Function": "Principal",
        "Contact_Name": "Derek Shea",
        "Address": "280 West Street",
        "Town": "Amherst",
        "State": "MA",
        "Zip": "1002",
        "Phone": "413-362-1600",
        "Fax": "413-256-0835",
        "Grade": "PK,K,01,02,03,04,05,06",
        "District": "Amherst",
        "District_Code": "80000",
        "Total_Enrollment": "404",
        "Percent_Students_Disabilities": "21.8",
        "Percent_Males": "50.5",
        "Percent_Females": "49.5",
        "Number_Classes": "109",
        "Average_Class_Size": "18.1",
        "Number_Students": "405",
        "Average_Salary": "71730",
        "Total_Expenditures": "25999942",
        "Expenditures_per_Pupil": "20236.57",
        "PPI": "54"
    },
    {
        "School_Code": "80020",
        "School_Name": "Fort River Elementary",
        "School_Type": "Public School",
        "Function": "Principal",
        "Contact_Name": "Diane Chamberlain",
        "Address": "70 So East Street",
        "Town": "Amherst",
        "State": "MA",
        "Zip": "1002",
        "Phone": "413-362-1200",
        "Fax": "413-256-5941",
        "Grade": "K,01,02,03,04,05,06",
        "District": "Amherst",
        "District_Code": "80000",
        "Total_Enrollment": "335",
        "Percent_Students_Disabilities": "21.5",
        "Percent_Males": "49.6",
        "Percent_Females": "50.4",
        "Number_Classes": "99",
        "Average_Class_Size": "20.2",
        "Number_Students": "348",
        "Average_Salary": "71730",
        "Total_Expenditures": "25999942",
        "Expenditures_per_Pupil": "20236.57",
        "PPI": "54"
    },
    {
        "School_Code": "80050",
        "School_Name": "Wildwood Elementary",
        "School_Type": "Public School",
        "Function": "Principal",
        "Contact_Name": "Nicholas Yaffe",
        "Address": "71 Strong Street",
        "Town": "Amherst",
        "State": "MA",
        "Zip": "1002",
        "Phone": "413-362-1400",
        "Fax": "413-549-9519",
        "Grade": "K,01,02,03,04,05,06",
        "District": "Amherst",
        "District_Code": "80000",
        "Total_Enrollment": "409",
        "Percent_Students_Disabilities": "15.4",
        "Percent_Males": "52.6",
        "Percent_Females": "47.4",
        "Number_Classes": "118",
        "Average_Class_Size": "20.1",
        "Number_Students": "417",
        "Average_Salary": "71730",
        "Total_Expenditures": "25999942",
        "Expenditures_per_Pupil": "20236.57",
        "PPI": "54"
    },
    {
        "School_Code": "90505",
        "School_Name": "Andover High",
        "School_Type": "Public School",
        "Function": "Principal",
        "Contact_Name": "Philip Conrad",
        "Address": "80 Shawsheen Road",
        "Town": "Andover",
        "State": "MA",
        "Zip": "1810",
        "Phone": "978-247-5500",
        "Fax": "978-247-5770",
        "Grade": "09,10,11,12",
        "District": "Andover",
        "District_Code": "90000",
        "Total_Enrollment": "1806",
        "Percent_Students_Disabilities": "16.1",
        "Percent_Males": "48.9",
        "Percent_Females": "51.1",
        "Number_Classes": "1160",
        "Average_Class_Size": "14.7",
        "Number_Students": "1799",
        "Average_Salary": "81211",
        "Total_Expenditures": "97309355.83",
        "Expenditures_per_Pupil": "15601.7",
        "PPI": "83"
    },
    {
        "School_Code": "90310",
        "School_Name": "Andover West Middle",
        "School_Type": "Public School",
        "Function": "Principal",
        "Contact_Name": "Rebecca Franks",
        "Address": "70 Shawsheen Road",
        "Town": "Andover",
        "State": "MA",
        "Zip": "1810",
        "Phone": "978-247-5400",
        "Fax": "978-247-5490",
        "Grade": "06,07,08",
        "District": "Andover",
        "District_Code": "90000",
        "Total_Enrollment": "532",
        "Percent_Students_Disabilities": "16.7",
        "Percent_Males": "46.2",
        "Percent_Females": "53.8",
        "Number_Classes": "276",
        "Average_Class_Size": "19.9",
        "Number_Students": "541",
        "Average_Salary": "81211",
        "Total_Expenditures": "97309355.83",
        "Expenditures_per_Pupil": "15601.7",
        "PPI": "83"
    },
    {
        "School_Code": "90003",
        "School_Name": "Bancroft Elementary",
        "School_Type": "Public School",
        "Function": "Principal",
        "Contact_Name": "Michelle Costa",
        "Address": "15 Bancroft Street",
        "Town": "Andover",
        "State": "MA",
        "Zip": "1810",
        "Phone": "978-247-9500",
        "Fax": "978-247-9590",
        "Grade": "K,01,02,03,04,05",
        "District": "Andover",
        "District_Code": "90000",
        "Total_Enrollment": "593",
        "Percent_Students_Disabilities": "16.5",
        "Percent_Males": "51.8",
        "Percent_Females": "48.2",
        "Number_Classes": "191",
        "Average_Class_Size": "22.1",
        "Number_Students": "614",
        "Average_Salary": "81211",
        "Total_Expenditures": "97309355.83",
        "Expenditures_per_Pupil": "15601.7",
        "PPI": "83"
    },
    {
        "School_Code": "90305",
        "School_Name": "Doherty Middle",
        "School_Type": "Public School",
        "Function": "Principal",
        "Contact_Name": "Robin Wilson",
        "Address": "50 Bartlet Street",
        "Town": "Andover",
        "State": "MA",
        "Zip": "1810",
        "Phone": "978-247-9400",
        "Fax": "978-247-9490",
        "Grade": "06,07,08",
        "District": "Andover",
        "District_Code": "90000",
        "Total_Enrollment": "561",
        "Percent_Students_Disabilities": "20",
        "Percent_Males": "50.8",
        "Percent_Females": "49.2",
        "Number_Classes": "293",
        "Average_Class_Size": "19.4",
        "Number_Students": "557",
        "Average_Salary": "81211",
        "Total_Expenditures": "97309355.83",
        "Expenditures_per_Pupil": "15601.7",
        "PPI": "83"
    },
    {
        "School_Code": "90010",
        "School_Name": "Henry C Sanborn Elementary",
        "School_Type": "Public School",
        "Function": "Principal",
        "Contact_Name": "Jason DiCarlo",
        "Address": "90 Lovejoy Road",
        "Town": "Andover",
        "State": "MA",
        "Zip": "1810",
        "Phone": "978-247-9700",
        "Fax": "978-247-9790",
        "Grade": "K,01,02,03,04,05",
        "District": "Andover",
        "District_Code": "90000",
        "Total_Enrollment": "381",
        "Percent_Students_Disabilities": "14.2",
        "Percent_Males": "54.9",
        "Percent_Females": "45.1",
        "Number_Classes": "123",
        "Average_Class_Size": "22.1",
        "Number_Students": "397",
        "Average_Salary": "81211",
        "Total_Expenditures": "97309355.83",
        "Expenditures_per_Pupil": "15601.7",
        "PPI": "83"
    },
    {
        "School_Code": "90004",
        "School_Name": "High Plain Elementary",
        "School_Type": "Public School",
        "Function": "Principal",
        "Contact_Name": "Pamela Lathrop",
        "Address": "333 High Plain Road",
        "Town": "Andover",
        "State": "MA",
        "Zip": "1810",
        "Phone": "978-247-8600",
        "Fax": "978-247-8690",
        "Grade": "K,01,02,03,04,05",
        "District": "Andover",
        "District_Code": "90000",
        "Total_Enrollment": "515",
        "Percent_Students_Disabilities": "14",
        "Percent_Males": "53.6",
        "Percent_Females": "46.4",
        "Number_Classes": "151",
        "Average_Class_Size": "23.7",
        "Number_Students": "522",
        "Average_Salary": "81211",
        "Total_Expenditures": "97309355.83",
        "Expenditures_per_Pupil": "15601.7",
        "PPI": "83"
    },
    {
        "School_Code": "90005",
        "School_Name": "Shawsheen School",
        "School_Type": "Public School",
        "Function": "Principal",
        "Contact_Name": "Carol Green",
        "Address": "18 Magnolia Avenue",
        "Town": "Andover",
        "State": "MA",
        "Zip": "1810",
        "Phone": "978-247-8200",
        "Fax": "978-247-8290",
        "Grade": "PK",
        "District": "Andover",
        "District_Code": "90000",
        "Total_Enrollment": "73",
        "Percent_Students_Disabilities": "49.3",
        "Percent_Males": "53.4",
        "Percent_Females": "46.6",
        "Number_Classes": "8",
        "Average_Class_Size": "12.5",
        "Number_Students": "100",
        "Average_Salary": "81211",
        "Total_Expenditures": "97309355.83",
        "Expenditures_per_Pupil": "15601.7",
        "PPI": "83"
    },
    {
        "School_Code": "90020",
        "School_Name": "South Elementary",
        "School_Type": "Public School",
        "Function": "Principal",
        "Contact_Name": "Tracy Crowley",
        "Address": "55 Woburn Street",
        "Town": "Andover",
        "State": "MA",
        "Zip": "1810",
        "Phone": "978-247-9800",
        "Fax": "978-247-9890",
        "Grade": "K,01,02,03,04,05",
        "District": "Andover",
        "District_Code": "90000",
        "Total_Enrollment": "493",
        "Percent_Students_Disabilities": "15.6",
        "Percent_Males": "50.9",
        "Percent_Females": "49.1",
        "Number_Classes": "157",
        "Average_Class_Size": "21.9",
        "Number_Students": "503",
        "Average_Salary": "81211",
        "Total_Expenditures": "97309355.83",
        "Expenditures_per_Pupil": "15601.7",
        "PPI": "83"
    },
    {
        "School_Code": "90025",
        "School_Name": "West Elementary",
        "School_Type": "Public School",
        "Function": "Principal",
        "Contact_Name": "Elizabeth Roos",
        "Address": "58 Beacon Street",
        "Town": "Andover",
        "State": "MA",
        "Zip": "1810",
        "Phone": "978-247-5300",
        "Fax": "978-247-5390",
        "Grade": "K,01,02,03,04,05",
        "District": "Andover",
        "District_Code": "90000",
        "Total_Enrollment": "636",
        "Percent_Students_Disabilities": "20.9",
        "Percent_Males": "51.7",
        "Percent_Females": "48.3",
        "Number_Classes": "199",
        "Average_Class_Size": "22.9",
        "Number_Students": "662",
        "Average_Salary": "81211",
        "Total_Expenditures": "97309355.83",
        "Expenditures_per_Pupil": "15601.7",
        "PPI": "83"
    },
    {
        "School_Code": "90350",
        "School_Name": "Wood Hill Middle School",
        "School_Type": "Public School",
        "Function": "Principal",
        "Contact_Name": "Patrick Bucco",
        "Address": "11 Cross Street",
        "Town": "Andover",
        "State": "MA",
        "Zip": "1810",
        "Phone": "978-247-8800",
        "Fax": "978-247-8890",
        "Grade": "06,07,08",
        "District": "Andover",
        "District_Code": "90000",
        "Total_Enrollment": "419",
        "Percent_Students_Disabilities": "18.9",
        "Percent_Males": "45.8",
        "Percent_Females": "54.2",
        "Number_Classes": "232",
        "Average_Class_Size": "18.6",
        "Number_Students": "423",
        "Average_Salary": "81211",
        "Total_Expenditures": "97309355.83",
        "Expenditures_per_Pupil": "15601.7",
        "PPI": "83"
    },
    {
        "School_Code": "100505",
        "School_Name": "Arlington High",
        "School_Type": "Public School",
        "Function": "Principal",
        "Contact_Name": "Matthew Janger",
        "Address": "869 Mass Avenue",
        "Town": "Arlington",
        "State": "MA",
        "Zip": "2476",
        "Phone": "781-316-3591",
        "Fax": "781-316-3504",
        "Grade": "09,10,11,12",
        "District": "Arlington",
        "District_Code": "100000",
        "Total_Enrollment": "1290",
        "Percent_Students_Disabilities": "11.1",
        "Percent_Males": "49.1",
        "Percent_Females": "50.9",
        "Number_Classes": "682",
        "Average_Class_Size": "14.3",
        "Number_Students": "1255",
        "Average_Salary": "66493",
        "Total_Expenditures": "72601544.08",
        "Expenditures_per_Pupil": "13382.77",
        "PPI": "76"
    },
    {
        "School_Code": "100010",
        "School_Name": "Brackett",
        "School_Type": "Public School",
        "Function": "Principal",
        "Contact_Name": "Stephanie Zerchykov",
        "Address": "66 Eastern Avenue",
        "Town": "Arlington",
        "State": "MA",
        "Zip": "2476",
        "Phone": "781-316-3705",
        "Fax": "781-316-3710",
        "Grade": "K,01,02,03,04,05",
        "District": "Arlington",
        "District_Code": "100000",
        "Total_Enrollment": "476",
        "Percent_Students_Disabilities": "11.8",
        "Percent_Males": "52.1",
        "Percent_Females": "47.9",
        "Number_Classes": "182",
        "Average_Class_Size": "18.3",
        "Number_Students": "475",
        "Average_Salary": "66493",
        "Total_Expenditures": "72601544.08",
        "Expenditures_per_Pupil": "13382.77",
        "PPI": "76"
    },
    {
        "School_Code": "100025",
        "School_Name": "Cyrus E Dallin",
        "School_Type": "Public School",
        "Function": "Principal",
        "Contact_Name": "Thad Dingman",
        "Address": "185 Florence Avenue",
        "Town": "Arlington",
        "State": "MA",
        "Zip": "2476",
        "Phone": "781-316-3722",
        "Fax": "781-316-3727",
        "Grade": "K,01,02,03,04,05",
        "District": "Arlington",
        "District_Code": "100000",
        "Total_Enrollment": "466",
        "Percent_Students_Disabilities": "14.2",
        "Percent_Males": "51.9",
        "Percent_Females": "48.1",
        "Number_Classes": "195",
        "Average_Class_Size": "16.9",
        "Number_Students": "471",
        "Average_Salary": "66493",
        "Total_Expenditures": "72601544.08",
        "Expenditures_per_Pupil": "13382.77",
        "PPI": "76"
    },
    {
        "School_Code": "100030",
        "School_Name": "Hardy",
        "School_Type": "Public School",
        "Function": "Principal",
        "Contact_Name": "Kristin Defrancisco",
        "Address": "52 Lake Street",
        "Town": "Arlington",
        "State": "MA",
        "Zip": "2474",
        "Phone": "781-316-3781",
        "Fax": "781-316-3717",
        "Grade": "K,01,02,03,04,05",
        "District": "Arlington",
        "District_Code": "100000",
        "Total_Enrollment": "451",
        "Percent_Students_Disabilities": "12.9",
        "Percent_Males": "54.3",
        "Percent_Females": "45.7",
        "Number_Classes": "133",
        "Average_Class_Size": "21.6",
        "Number_Students": "410",
        "Average_Salary": "66493",
        "Total_Expenditures": "72601544.08",
        "Expenditures_per_Pupil": "13382.77",
        "PPI": "76"
    },
    {
        "School_Code": "100005",
        "School_Name": "John A Bishop",
        "School_Type": "Public School",
        "Function": "Principal",
        "Contact_Name": "Mark McAneny",
        "Address": "25 Columbia Road",
        "Town": "Arlington",
        "State": "MA",
        "Zip": "2474",
        "Phone": "781-316-3791",
        "Fax": "781-316-3747",
        "Grade": "K,01,02,03,04,05",
        "District": "Arlington",
        "District_Code": "100000",
        "Total_Enrollment": "425",
        "Percent_Students_Disabilities": "9.2",
        "Percent_Males": "49.4",
        "Percent_Females": "50.6",
        "Number_Classes": "126",
        "Average_Class_Size": "23.7",
        "Number_Students": "427",
        "Average_Salary": "66493",
        "Total_Expenditures": "72601544.08",
        "Expenditures_per_Pupil": "13382.77",
        "PPI": "76"
    },
    {
        "School_Code": "100055",
        "School_Name": "M Norcross Stratton",
        "School_Type": "Public School",
        "Function": "Principal",
        "Contact_Name": "Michael Hanna",
        "Address": "180 Mountain Avenue",
        "Town": "Arlington",
        "State": "MA",
        "Zip": "2474",
        "Phone": "781-316-3754",
        "Fax": "781-316-3666",
        "Grade": "K,01,02,03,04,05",
        "District": "Arlington",
        "District_Code": "100000",
        "Total_Enrollment": "396",
        "Percent_Students_Disabilities": "14.1",
        "Percent_Males": "49.7",
        "Percent_Females": "50.3",
        "Number_Classes": "161",
        "Average_Class_Size": "17.2",
        "Number_Students": "396",
        "Average_Salary": "66493",
        "Total_Expenditures": "72601544.08",
        "Expenditures_per_Pupil": "13382.77",
        "PPI": "76"
    },
    {
        "School_Code": "100038",
        "School_Name": "Menotomy Preschool",
        "School_Type": "Public School",
        "Function": "Principal",
        "Contact_Name": "Joyce Schlenger",
        "Address": "869 Massachusetts Avenue",
        "Town": "Arlington",
        "State": "MA",
        "Zip": "2476",
        "Phone": "781-316-3698",
        "Fax": "781-316-3504",
        "Grade": "PK",
        "District": "Arlington",
        "District_Code": "100000",
        "Total_Enrollment": "70",
        "Percent_Students_Disabilities": "52.9",
        "Percent_Males": "62.9",
        "Percent_Females": "37.1",
        "Number_Classes": "5",
        "Average_Class_Size": "14.4",
        "Number_Students": "72",
        "Average_Salary": "66493",
        "Total_Expenditures": "72601544.08",
        "Expenditures_per_Pupil": "13382.77",
        "PPI": "76"
    }
]